{
  "nodes": [
    {
      "id": "n0",
      "label": "MOI",
      "x": 1.5,
      "y": 1.5,
      "size": 50
    },
    {
      "id": "n1",
      "label": "Tabac1",
      "x": 5,
      "y": 1.5,
      "size":25 
    },
    {
      "id": "n2",
      "label": "Epicerie1",
      "x": 1,
      "y": 3,
      "size": 25
    }
  ],
  "edges": [
    {
      "id": "e0",
      "source": "n0",
      "target": "n1"
    },
    {
      "id": "e1",
      "source": "n1",
      "target": "n2"
    },
    {
      "id": "e2",
      "source": "n2",
      "target": "n0"
    }
  ]
}
